Feature,Importance
newbalanceDest,0.47116455498398885
amount,0.4537402662606709
newbalanceOrig,0.0367492997278708
oldbalanceOrg,0.029635975198167436
oldbalanceDest,0.00732798685695518
type_index,0.0013819169723466522
isFlaggedFraud,0.0
